positionName,workYear,education,city,createTime,companyFullName,positionLables,salary,positionAdvantage
Python开发工程师,3-5年,本科,北京,2018-08-30 10:38:35,爱笔（北京）智能科技有限公司,"['后端', '服务器端', '客户端']",18k-36k,"初创公司,技术驱动"
Python开发工程师,3-5年,本科,北京,2018-08-30 10:15:44,链家网（北京）科技有限公司,[],25k-50k,"扁平管理,六险二金,免费三餐,弹性工作"
Python工程师,1-3年,本科,北京,2018-08-23 11:18:36,北京旷视科技有限公司,['后端'],20k-40k,"技术驱动,极客氛围,大牛团队"
python高级开发工程师（技术）,3-5年,本科,北京,2018-08-30 10:20:10,上海一起作业信息科技有限公司,"['教育', '后端', 'MySQL']",25k-50k,"独角兽,待遇好,工作环境好"
python研发工程师,1-3年,本科,杭州,2018-08-30 10:39:07,杭州美登科技股份有限公司,"['后端', 'C']",15k-30k,"弹性工作,技术大神带,午餐补助,年度旅游"
Python开发工程师,3-5年,本科,苏州,2018-08-30 09:57:52,苏州锦佰安信息技术有限公司,[],12k-20k,"人工智能,前景广阔,福利齐全,技术领先"
Python开发,应届毕业生,本科,上海,2018-08-30 10:05:27,上海彩亿信息技术有限公司,"['金融', '后端', '平台', '自动化']",6k-10k,"亿级平台,行业前三,极客团队,无限成长"
Python工程师,3-5年,本科,深圳,2018-08-30 11:21:42,深圳市拓然明科技有限公司,"['金融', '软件开发']",15k-30k,"量化交易,算法和数据,股票,期货交易"
Python 开发工程师,1-3年,本科,北京,2018-08-30 10:56:55,北京智者天下科技有限公司,"['信息安全', 'Java']",18k-36k,健康三餐 免费健身游泳 大牛团队
Python开发工程师,1-3年,大专,广州,2018-08-30 10:32:17,广东全彩科技有限公司,"['云计算', '大数据', '机器学习', '爬虫', '算法', '网络爬虫']",8k-13k,"六险一金,绩效奖金,年终奖金,双休"
Python工程师,应届毕业生,本科,苏州,2018-08-30 09:56:58,上海众言网络科技有限公司,"['Java', 'PHP', '全栈']",6k-12k,"福利多多,带薪年假,定期体检,五险一金"
python开发工程师,1-3年,大专,南京,2018-08-30 08:40:39,南京绿灯侠电子商务有限公司,[],4k-8k,"包食宿,年终奖,高福利,不加班"
高级python开发工程师,5-10年,本科,北京,2018-08-29 17:03:42,北京七彩焕腾科技有限公司,['后端'],25k-35k,bat
python开发工程师,3-5年,本科,西安,2018-08-30 09:14:30,北京神州绿盟信息安全科技股份有限公司,"['信息安全', 'Java']",8k-10k,五险一金；弹性工作；餐补；定期体检
Python开发工程师,5-10年,本科,上海,2018-08-30 10:45:30,上海基分文化传播有限公司,['后端'],20k-35k,发展
高级Python开发工程师,3-5年,本科,北京,2018-08-29 14:57:41,北京旷视科技有限公司,[],25k-50k,大牛多
Python开发工程师,3-5年,本科,北京,2018-08-30 09:57:52,苏州锦佰安信息技术有限公司,[],15k-30k,"人工智能,前景广阔,福利齐全,技术领先"
python开发工程师,3-5年,本科,北京,2018-08-29 13:21:02,北京七彩焕腾科技有限公司,"['移动互联网', '后端']",16k-22k,bat团队
python开发工程师,1-3年,本科,西安,2018-08-30 09:14:26,北京神州绿盟信息安全科技股份有限公司,['信息安全'],9k-15k,五险一金；弹性工作；餐补；定期体检
Python开发,3-5年,本科,上海,2018-08-30 10:00:17,上海众言网络科技有限公司,['Java'],15k-30k,"五险一金,季度旅游,生日会,带薪年假"
Python研发工程师,5-10年,本科,北京,2018-08-29 17:42:51,医渡云（北京）技术有限公司,[],25k-50k,"固定14薪,七险一金,免费三餐,租房补贴"
Python开发工程师,不限,不限,珠海,2018-08-28 14:04:37,北京金山软件有限公司,"['云计算', '软件开发']",13k-25k,"待遇好,平台大,平台好,待遇好"
python开发工程师,3-5年,本科,北京,2018-08-29 15:13:06,会找房（北京）网络技术有限公司,"['信息安全', 'MySQL', 'PHP']",15k-30k,"股票期权,弹性工作制,行业龙头,地铁周边"
Python 开发工程师,3-5年,不限,北京,2018-08-29 17:31:37,北京博派通达科技有限公司,"['软件开发', 'MySQL']",15k-30k,"地铁周边,年底双薪,晋升空间,多次调薪"
Python,3-5年,本科,宁波,2018-08-30 10:11:18,宁波新希望信息技术有限公司,[],10k-15k,出国机会，上升空间，踏实做事，靠谱
python开发工程师,3-5年,本科,深圳,2018-08-30 09:16:40,武汉佰钧成技术有限责任公司,['后端'],10k-15k,"朝九晚五,公司平台大,发展机遇多,六险一金"
Python工程师,不限,本科,深圳,2018-08-30 09:18:13,深圳市有芯电子有限公司,"['电商', 'ERP']",15k-25k,"学习型团队,电商项目,待遇优厚"
python研发工程师,3-5年,本科,武汉,2018-08-30 09:17:38,北京好巧国际旅行社有限公司,"['大数据', '后端', 'Java', 'MySQL']",8k-15k,"六险一金,弹性不打卡,高成长团队"
Python开发,1-3年,本科,武汉,2018-08-29 11:20:15,湖北百旺金赋科技有限公司,"['云计算', 'PHP', 'Shell', '云计算']",6k-10k,"双休,五险一金,14薪,免费班车"
Python开发工程师,3-5年,本科,北京,2018-08-30 10:17:58,杉数科技（北京）有限公司,"['Java', 'MySQL']",18k-22k,"超优质团队,大牛带领,福利多多,发展前景"
Python 高级开发工程师,3-5年,本科,北京,2018-08-23 11:18:36,北京旷视科技有限公司,"['Java', 'MySQL', 'PHP']",20k-40k,"人工智能,黑科技,大牛多"
Python开发师,3-5年,本科,上海,2018-08-30 10:00:18,上海众言网络科技有限公司,['Java'],15k-30k,"五险一金,季度旅游,节日福利,带薪年假"
python软件开发工程师,不限,本科,武汉,2018-08-29 10:43:29,武汉佰钧成技术有限责任公司,"['云计算', 'Linux']",6k-12k,产品研发
Python研发工程师,3-5年,大专,北京,2018-08-30 09:17:38,北京好巧国际旅行社有限公司,"['Golang', 'Java']",18k-25k,"弹性工作,百万医疗,10天年假,高速增长"
Python中级开发工程师,5-10年,大专,北京,2018-08-29 18:00:32,乐飞天下信息技术(北京)有限公司,"['大数据', 'MySQL', '数据挖掘']",17k-34k,"福利好,带薪假,员工旅游,调薪调岗"
Python开发工程师,1-3年,本科,西安,2018-08-28 13:54:31,维视科技（西安）有限公司,"['Java', 'MySQL', 'PHP']",6k-12k,"硅谷资源,精英团队,深度学习,人工智能"
Python开发工程师,1年以下,大专,广州,2018-08-30 09:24:45,广州玖维信息科技有限公司,['测试'],6k-10k,"周末双休,五险一金,节日福利,房补餐补"
初级Python开发工程师,3-5年,本科,北京,2018-08-30 08:41:59,北京汇游科技有限公司,[],10k-15k,"五险一金,全勤奖,餐补,年终奖金"
Python开发工程师,3-5年,本科,北京,2018-08-30 11:13:59,车好多旧机动车经纪(北京)有限公司,"['Java', 'PHP']",20k-40k,最高19薪 独角兽公司 学习型团队
Python开发工程师,3-5年,本科,北京,2018-08-30 09:30:05,上海淇毓信息科技有限公司,['Java'],20k-30k,"团队业绩突,成长空间大,稳定性高"
python开发工程师,3-5年,本科,上海,2018-08-29 09:14:34,智慧芽信息科技（苏州）有限公司,[],15k-30k,"不打卡,晋升快"
Python开发工程师,1-3年,本科,上海,2018-08-30 11:30:38,上海道客网络科技有限公司,"['云计算', '后端', 'docker']",10k-20k,"大牛环绕,弹性工作,福利优惠"
Python,3-5年,本科,郑州,2018-08-30 08:24:59,大河网络传媒有限公司,[],5k-10k,五险 双休
Python工程师,3-5年,大专,北京,2018-08-30 09:45:52,北京点石经纬科技有限公司,[],15k-30k,"机会多多,K12,平台好"
高级Python开发工程师,1-3年,大专,郑州,2018-08-30 10:14:49,郑州创恒实业有限公司,"['云计算', 'MySQL', '云计算', '爬虫']",7k-10k,高级
Python开发工程师,1-3年,本科,广州,2018-08-29 10:23:39,武汉佰钧成技术有限责任公司,[],11k-18k,"大平台,加班少,成长快,学院派"
Python中级开发工程师,3-5年,本科,上海,2018-08-30 10:00:16,上海众言网络科技有限公司,['Java'],15k-30k,"股票期权,弹性工作,五险一金,下午茶"
Python,3-5年,本科,成都,2018-08-29 14:39:01,梦思特科技（成都）有限公司,[],10k-15k,不加班，工作氛围良好，弹性上下班
Python研发工程师,5-10年,本科,北京,2018-08-29 10:37:22,京东金融,"['大数据', '数据挖掘', '算法', '机器学习']",25k-50k,餐补+年终奖+良好的晋升空间
Python开发工程师,3-5年,本科,北京,2018-08-28 11:01:42,轻易科技有限公司,"['Java', 'PHP']",15k-28k,"弹性工作制,扁平化管理,绩效奖金,美国上市"
python工程师,3-5年,本科,苏州,2018-08-28 10:13:45,苏州梦嘉信息技术有限公司,"['大数据', 'Hadoop', '数据挖掘']",10k-18k,"项目奖金,年终奖金,团建福利,生日惊喜"
Python开发工程师,1年以下,大专,广州,2018-08-30 10:03:38,广州玖维信息科技有限公司,['Java'],5k-8k,"双休,提成,五险一金,带薪休假"
Python工程师,3-5年,本科,贵阳,2018-08-30 09:00:13,国信优易数据有限公司,"['软件开发', 'Java']",7k-14k,"五险一金,绩效奖金,年终奖,职业培训"
Python开发工程师(J10100),3-5年,大专,北京,2018-08-29 15:13:06,会找房（北京）网络技术有限公司,[],15k-30k,"五险一金,十四薪,弹性工作"
Python开发工程师,3-5年,本科,上海,2018-08-29 10:16:14,上海进馨网络科技有限公司,[],15k-30k,发展前景大、工作氛围好、技术牛人多
Python,1-3年,本科,北京,2018-08-30 11:13:59,车好多旧机动车经纪(北京)有限公司,[],20k-30k,核心项目 BI方向 等你来挑战
中高级Python开发工程师,3-5年,本科,北京,2018-08-30 08:42:03,北京汇游科技有限公司,[],20k-30k,"五险一金,全勤奖,餐补,年终奖金"
Python开发工程师（南京）,1-3年,本科,南京,2018-08-29 10:27:06,飞友科技有限公司,"['Java', '数据库']",10k-18k,弹性工作
Python开发工程师,1-3年,本科,上海,2018-08-30 09:56:57,上海优梦信息科技有限公司,"['云计算', 'Java', 'PHP', '云计算']",10k-20k,"弹性工作,全勤奖,餐补,五险一金"
python开发工程师,1-3年,本科,武汉,2018-08-29 09:42:24,武汉安天信息技术有限责任公司,['PHP'],8k-14k,"五险一金,试用不打折,免费班车,员工旅游"
python开发工程师（本科，2年+）,1-3年,本科,广州,2018-08-29 16:59:56,武汉佰钧成技术有限责任公司,[],10k-20k,"福利齐全,弹性工作制,技术平台好"
Python开发工程师,3-5年,本科,杭州,2018-08-29 10:37:24,京东金融,"['云计算', '云计算']",15k-25k,"班车,餐补"
高级python开发工程师,3-5年,本科,上海,2018-08-30 10:00:17,上海众言网络科技有限公司,"['分布式', '后端', '网络爬虫']",15k-30k,"晋升机制,上市激励,福利多多,五险一金"
Python软件开发工程师,1年以下,大专,广州,2018-08-30 10:03:37,广州玖维信息科技有限公司,"['Java', 'Linux']",4k-6k,"双休,提成,带薪休假,五险一金"
python开发工程师,不限,本科,上海,2018-08-27 20:22:38,瞬联软件科技（北京）有限公司,"['Node.js', '自动化']",10k-20k,五险一金、弹性工作制、带薪年假、内部培训
Python开发工程师,3-5年,本科,南京,2018-08-24 12:08:50,孩子王儿童用品股份有限公司,"['电商', '后端']",10k-20k,"母婴独角兽,文化氛围好"
Python 开发工程师,不限,本科,上海,2018-08-30 10:54:33,竹间智能科技（上海）有限公司,['C++'],20k以上,发展空间大 期权激励 弹性工作
Python开发工程师,1-3年,本科,天津,2018-08-06 13:18:04,北京汇行科技有限公司,"['大数据', '数据挖掘', '爬虫']",5k-10k,"互联网,大触,人工智能,扁平化"
高级python工程师,3-5年,本科,北京,2018-08-29 14:46:36,锐波（北京）科技有限公司,"['信息安全', '直播', 'PHP', '数据库']",25k-40k,"核心产品,团队氛围好,区块链应用,奖金多"
Python开发工程师,3-5年,本科,上海,2018-08-29 10:21:16,上海道客网络科技有限公司,"['云计算', '软件开发', 'Java']",20k-40k,"15天年假,5天病假,年终多薪,公司前景"
Python研发工程师,3-5年,大专,北京,2018-08-28 14:40:30,上海诚信互通网络信息科技有限公司,"['Java', 'PHP']",15k-30k,五险一金
Python开发工程师,3-5年,本科,北京,2018-08-22 11:04:00,上海海知智能科技有限公司,"['大数据', 'Hadoop', '数据挖掘']",20k-40k,"创新前沿,技术大牛,成长空间大,工作弹性"
Python工程师,1-3年,本科,上海,2018-08-30 10:44:07,上海大岂网络科技有限公司,['MySQL'],10k-20k,"薪资福利好,技术团队强,氛围好,发展空间大"
python高级研发工程师,5-10年,大专,北京,2018-08-29 10:20:53,乐飞天下信息技术(北京)有限公司,"['旅游', '大数据', '后端', '数据挖掘', '系统架构']",20k-35k,"绩效奖金,员工旅游,带薪年假,股票期权"
高级Python工程师,3-5年,本科,北京,2018-08-30 11:46:52,北京汉迪移动互联网科技股份有限公司,"['移动互联网', '服务器端']",25k-50k,"硅谷氛围,高手如云,零食水果,六险一金"
高级Python开发工程师,3-5年,本科,北京,2018-08-30 10:26:33,北京国双科技有限公司,['大数据'],15k-20k,"上市大数据,六险一金,年终奖金,带薪年假"
python工程师,3-5年,本科,北京,2018-08-27 19:44:34,北京作业盒子科技有限公司,"['大数据', '数据挖掘', '爬虫']",15k-30k,"大平台,技术牛,好前景,核心职位"
Python开发工程师,3-5年,本科,深圳,2018-08-20 10:21:36,万科物业发展有限公司,[],15k-30k,"平台好,空间大"
python开发工程师,3-5年,本科,深圳,2018-08-30 10:39:12,深圳呗佬智能有限公司,[],15k-30k,"AI领域,硅谷大牛,氛围好,期权"
python开发工程师,3-5年,本科,北京,2018-08-29 17:29:42,同程网络科技股份有限公司,[],25k-35k,"晋升空间,优秀团队"
Python开发工程师,1-3年,本科,上海,2018-08-29 15:58:31,舶乐蜜电子商务（上海）有限公司,[],15k-20k,"高手众多,国际团队,晋升潜力大"
Python工程师,1-3年,本科,上海,2018-08-14 11:41:30,上海米闲企业管理合伙企业(有限合伙),['后端'],8k-15k,"年度旅游,半年调薪,保底14薪"
Python开发工程师,5-10年,大专,北京,2018-08-10 10:56:49,北京复华卓越商业管理有限公司,"['广告营销', '大数据', '数据挖掘', '算法']",15k-30k,提升空间大
量化平台研发工程师-python,3-5年,本科,广州,2018-08-30 11:01:35,广州经传多赢投资咨询有限公司,"['大数据', '架构师', 'C++']",15k-25k,"技术大牛多,扁平管理,快速兑现"
Python工程师-机器学习方向,1-3年,本科,北京,2018-08-30 10:24:42,北京曜辉信息科技有限公司,"['大数据', '算法', '数据挖掘']",20k-35k,"高成长,机会大,全额险金,有零食"
高级Python开发工程师,3-5年,本科,上海,2018-08-30 10:17:37,两鲜商贸（上海）有限公司,['软件开发'],15k-20k,"环境氛围佳,牛人多多,下午茶多多"
Python 开发工程师,3-5年,本科,深圳,2018-08-27 16:54:55,深圳羚羊极速科技有限公司,"['云计算', '运维', 'Linux']",15k-30k,"发展前景好,股份期权,团队年轻,福利好"
Python开发工程师,3-5年,本科,北京,2018-08-30 10:53:32,北京墨迹风云科技股份有限公司,[],15k-25k,"5亿用户,六险一金"
Python研发工程师,5-10年,本科,北京,2018-08-30 10:46:55,北京融联世纪信息技术有限公司,"['分布式', 'Java']",20k-40k,"优质团队,福利待遇"
Python开发工程师,5-10年,本科,上海,2018-08-30 10:32:35,飞榴（上海）信息科技有限公司,"['大数据', 'Java']",15k-30k,"团队好,上升空间大,环境佳"
资深Python研发工程师,3-5年,本科,北京,2018-08-27 16:28:47,北京国双科技有限公司,"['后端', '平台', '云计算']",20k-30k,"上市公司,六险一金,发挥空间,团队氛围"
Python开发-AI产品线,不限,本科,北京,2018-08-30 09:22:10,北京天润融通科技有限公司,[],15k-30k,"三板上市,班车接送,扁平化管理,五险一金"
python开发工程师,3-5年,本科,南京,2018-08-28 20:13:59,北京通力互联技术服务有限公司,"['云计算', '自动化', 'Linux/Unix']",8k-16k,"五险一金,open,nice"
python工程师,3-5年,本科,上海,2018-07-31 20:31:52,上海拍拍贷金融信息服务有限公司,"['后端', '服务器端']",12k-24k,晋升空间大、福利好
PHP/Python 开发工程师,3-5年,本科,北京,2018-08-29 23:19:07,百度在线网络技术（北京）有限公司,['Linux/Unix'],15k-30k,"IT互联网,百度,PHP"
Python高级开发工程师,3-5年,本科,深圳,2018-08-29 14:11:43,深圳市明源云客电子商务有限公司,"['大数据', 'Java', 'Hadoop', 'PHP']",16k-22k,技术导向，牛人多，氛围赞，扁平管理
Python,1-3年,大专,深圳,2018-08-29 09:05:03,深圳市博奥特科技有限公司,"['大数据', '金融']",10k-20k,"行业前景好,发展空间大"
资深Python工程师,5-10年,本科,上海,2018-08-28 14:34:29,平安健康互联网股份有限公司上海分公司,"['大数据', 'Java']",30k-50k,"团队齐全,技术先进"
Python开发工程师,3-5年,大专,杭州,2018-08-24 10:14:25,武汉佰钧成技术有限责任公司,['Java'],10k-15k,"JAVA,Linux,Shell"
python工程师,1-3年,本科,深圳,2018-08-30 08:57:05,深圳市紫川软件有限公司,[],8k-14k,周末双休 免费体检 员工旅游 五险一金
Python开发工程师,3-5年,本科,成都,2018-08-28 19:07:11,网信集团有限公司,['算法'],8k-16k,"六险一金,弹性工作制,股票期权,饭补"
高级Python研发工程师,3-5年,本科,北京,2018-08-30 11:43:04,掌阅科技股份有限公司,"['云计算', 'Java', '云计算']",25k-35k,"扁平化管理,福利待遇佳,学习氛围好,晋升空间大"
Python开发工程师,3-5年,本科,北京,2018-08-30 09:34:26,北京棕榈创想科技有限公司,"['大数据', 'Java', 'Node.js']",15k-25k,"14薪,技术新,大牛多,年度体检"
高级python开发工程师,5-10年,本科,北京,2018-08-29 17:49:51,北京源石智影科技有限公司,"['云计算', '云计算']",20k-40k,"朝阳行业,平台广阔,技术大牛,福利丰厚"
Python,1-3年,本科,上海,2018-08-29 17:32:10,上海辰沅金融信息服务有限公司,"['金融', 'Shell']",13k-26k,"公司环境好,牛人聚集地,扁平化管理,晋升空间大"
高级python开发工程师,3-5年,本科,深圳,2018-08-29 15:08:20,北京国双科技有限公司,"['GO', '全栈']",15k-20k,大数据上市公司 福利待遇好 发展空间大
python工程师,3-5年,本科,上海,2018-07-31 20:31:52,上海拍拍贷金融信息服务有限公司,"['后端', '服务器端']",12k-24k,晋升空间大、福利好
高级Python开发工程师,3-5年,本科,深圳,2018-08-29 14:11:44,深圳市明源云客电子商务有限公司,"['大数据', 'Java', 'Hadoop', 'PHP']",16k-22k,技术导向，牛人多，氛围赞，扁平管理
Python开发工程师-pass平台方向,5-10年,本科,北京,2018-08-29 10:37:24,京东金融,"['云计算', '云计算']",25k-50k,"班车,餐补"
高级Python开发工程师,5-10年,本科,西安,2018-08-28 13:54:31,维视科技（西安）有限公司,"['移动互联网', '大数据', '图像处理']",12k-18k,"美资企业,人工智能,深度学习,计算机视觉"
python高级工程师,5-10年,本科,北京,2018-08-28 13:33:11,小小黛朵（北京）科技有限公司,"['大数据', '数据挖掘']",25k-30k,"团队氛围好,高速发展,福利多多"
Python高级研发工程师-度假事业部(J11528),3-5年,本科,北京,2018-08-30 09:51:04,北京趣拿软件科技有限公司,"['旅游', '大数据', '软件开发']",20k-40k,团队氛围融洽，帅哥美女多，年假多，年终奖
Python程序员,3-5年,本科,厦门,2018-08-30 09:37:49,厦门点触科技股份有限公司,[],10k-20k,五险一金，双休，班车接送，免费早餐
python中级开发,3-5年,本科,北京,2018-08-30 09:22:10,北京天润融通科技有限公司,[],15k-25k,"三板上市,班车接送,扁平化管理,五险一金"
高级python开发工程师-SH415-41509,3-5年,本科,上海,2018-08-29 15:17:35,上海点融信息科技有限责任公司,['Java'],20k-40k,"前景好,福利好"
python开发工程师,3-5年,本科,杭州,2018-08-28 15:27:06,杭州艾耕科技有限公司,"['Golang', 'Java']",15k-25k,"AI,不打卡,青春无极限,领导nic"
Python开发工程师,1-3年,本科,东莞,2018-08-28 12:11:55,广州华微明天软件技术有限公司,[],10k-15k,"带薪年假,员工旅游,定期体检,团队氛围好"
Python研发工程师,1-3年,本科,深圳,2018-08-28 09:57:19,深圳开黑科技有限公司,"['Golang', 'Node.js']",13k-25k,"电竞类项目,融资速度快,高期权,腾讯系团队"
Python开发工程师,1-3年,大专,上海,2018-08-29 10:13:19,搜股（北京）科技有限公司,['投资/融资'],10k-16k,"年终奖金,多次调薪,周末双休,五险一金"
Python开发工程师-深圳-01278,3-5年,本科,深圳,2018-08-29 09:34:33,北京比特大陆科技有限公司,['Java'],13k-25k,"弹性工作,年底双薪,丰厚福利"
资深python开发工程师,5-10年,本科,深圳,2018-08-29 15:08:20,北京国双科技有限公司,"['GO', '全栈']",15k-25k,大数据上市公司 福利待遇好 成长空间大
python开发工程师,3-5年,本科,泉州,2018-08-22 13:53:50,福建益华（集团）有限公司,['后端'],8k-16k,"平台稳定,团队氛围好,大牛多,福利好"
Python工程师(新闻类),3-5年,大专,北京,2018-08-30 10:16:49,中金中富（北京）文化传媒有限公司,['爬虫'],20k-30k,"年底双薪,项目奖金,周末双休,包吃"
Python开发工程师,3-5年,本科,深圳,2018-08-27 10:48:28,北京市商汤科技开发有限公司,"['大数据', 'Java']",15k-30k,"人工智能,福利好,技术大牛多,弹性工作"
PYTHON工程师,1-3年,本科,上海,2018-08-14 10:28:01,上海米闲企业管理合伙企业(有限合伙),['后端'],8k-15k,"最高16薪,年度旅游,半年调薪"
高级Python开发工程师,3-5年,本科,深圳,2018-08-29 10:11:18,深圳市和讯华谷信息技术有限公司,[],15k-30k,五险一金、14薪+、下午茶、年度旅游等等
python工程师,3-5年,本科,成都,2018-08-28 10:52:20,网信集团有限公司,"['金融', 'Java']",10k-20k,"六险一金,年终奖,项目奖金,下午茶"
Python开发工程师,1-3年,不限,上海,2018-08-22 15:36:56,上海齐家网信息科技股份有限公司,[],15k-30k,互联网公司 O2O行业 多轮风投
python,3-5年,本科,深圳,2018-08-07 09:44:42,深圳市博奥特科技有限公司,[],14K-22K,证券行业，提升空间大
python开发工程师,1-3年,本科,上海,2018-08-30 11:14:37,上海清鹤科技股份有限公司,"['C++', 'Java']",10k-18k,"准IPO,扁平化管理,餐补茶歇,独栋小楼"
Python开发工程师,1-3年,本科,上海,2018-08-29 17:32:09,上海辰沅金融信息服务有限公司,"['金融', 'Shell']",13k-26k,"公司环境好,牛人聚集地,扁平化管理,晋升空间大"
中级python开发,3-5年,本科,广州,2018-08-29 10:23:38,武汉佰钧成技术有限责任公司,"['云计算', 'Java', '云计算']",11k-18k,"平台好,加班少,上下班灵活,增值快"
Python,3-5年,不限,广州,2018-08-22 09:47:48,北京云房数据技术有限责任公司广州分公司,[],10k-16k,五险一金 工作环境好 弹性工作时间
python开发工程师,3-5年,本科,成都,2018-08-30 10:55:14,成都萌想科技有限责任公司,"['移动互联网', '后端']",10k-20k,"周末双休,年终奖,五险一金,员工旅游"
高级Python开发工程师,1年以下,大专,苏州,2018-08-29 15:37:52,昆山炫生活信息技术股份有限公司,['移动互联网'],15k-20k,"开发,编程"
中高级python开发工程师,3-5年,大专,深圳,2018-08-29 09:05:04,深圳市博奥特科技有限公司,"['大数据', '金融', '数据挖掘', '算法']",15k-30k,发展前景好
Python开发工程师,3-5年,本科,深圳,2018-08-22 11:04:00,上海海知智能科技有限公司,"['大数据', 'Hadoop']",20k-40k,"人工智能,技术大牛,成长空间大,创新前沿"
python工程师,3-5年,本科,北京,2018-08-29 12:00:19,赤子城网络技术（北京）有限公司,"['Java', 'PHP']",20k-35k,"最火区块链,海外市场,七险一金,带你玩币圈"
Python工程师,5-10年,硕士,北京,2018-08-28 11:03:29,北京慕华信息科技有限公司,"['教育', '工具软件', '全栈', 'C++', 'Node.js']",25k-40k,"五险一金,交通补,免费早餐,定期体检"
Python工程师,3-5年,本科,深圳,2018-08-28 00:16:58,海南新浪爱问普惠科技有限公司,"['大数据', 'Hadoop']",15k-25k,"福利好,金融科技,大数据,发展空间大"
Python开发工程师—CI/CD方向,3-5年,本科,北京,2018-08-27 16:50:20,北京贝斯平云科技有限公司,"['云计算', '后端']",15k-30k,"发展空间大,五险一金,带薪年假,创业公司"
Python/Rhadoop 数据挖掘,5-10年,大专,深圳,2018-08-25 10:34:21,武汉佰钧成技术有限责任公司,"['算法', 'NLP']",18k-30k,大数据项目
Python研发工程师,3-5年,本科,北京,2018-08-22 16:15:12,上海谦问万答吧云计算科技有限公司,[],20k-35k,地铁周边
高级Python开发工程师,3-5年,不限,福州,2018-08-17 18:29:45,福州龙腾简合网络技术有限公司,[],12k-20k,"发展空间大,工作氛围好,知识分享"
高级Python开发工程师,3-5年,本科,上海,2018-08-30 11:20:45,上海阿牛信息科技有限公司,"['Java', '爬虫']",15k-22k,五险一金
高级Python开发工程师,3-5年,本科,北京,2018-08-29 10:46:29,北京智分科技有限公司,['服务器端'],25k-45k,"Geek范,清华系,福利待遇好,股票期权"
Python开发工程师-自动化网络方向,3-5年,本科,北京,2018-08-29 10:37:25,京东金融,['信息安全'],18k-30k,"氛围良好,班车接送,免费用餐,有健身房"
Python高级研发工程师,3-5年,本科,北京,2018-08-30 10:07:01,北京完美创意科技有限公司,[],25k-45k,"弹性时间,技术大牛,年度旅游,福利齐全"
Linux C++/Python中高级研发工程师,3-5年,本科,北京,2018-08-30 09:17:39,北京好巧国际旅行社有限公司,[],20k-35k,"弹性不打卡,六险一金,B+轮融资,水果零食"
量化平台研发工程师-python,3-5年,不限,广州,2018-08-28 10:23:29,广州伊的家网络科技有限公司,"['PHP', 'Java', '架构师']",15k-25k,"技术大牛多,扁平管理,快速兑现"
高级python开发工程师,3-5年,大专,深圳,2018-08-29 09:05:02,深圳市博奥特科技有限公司,[],15k-25k,"行业前景好,发展空间大,有“钱”景"
Python开发工程师,3-5年,大专,杭州,2018-08-24 10:14:25,武汉佰钧成技术有限责任公司,['Java'],12k-18k,JAVA
Python实习生,不限,本科,北京,2018-08-29 18:28:17,北京神州绿盟信息安全科技股份有限公司,[],2k-4k,"五险一金,周末双休"
高级爬虫工程师/python开发,3-5年,大专,长沙,2018-08-28 09:17:44,湖南本地星网络科技有限公司,"['Hadoop', '数据挖掘', '数据分析']",10k-15k,"优秀团队,技术氛围好"
Python开发工程师,1-3年,本科,东莞,2018-08-27 17:28:13,优维科技（深圳）有限公司,[],13k-15k,"五险一金,带薪年假,年底旅游,腾讯背景"
python开发,3-5年,本科,上海,2018-08-13 17:35:42,上海中软华腾软件系统有限公司,[],10k-18k,"公积金全额,年终奖,平台,大牛"
Python工程师,3-5年,本科,广州,2018-08-30 11:44:05,广州欧科信息技术股份有限公司,"['爬虫架构', '图像处理', 'C++']",14k-18k,"五险一金,班车接送,定期体检,年终奖金"
Python（长春）,3-5年,本科,长春,2018-08-30 10:11:17,宁波新希望信息技术有限公司,"['新零售', 'Ruby', 'MySQL']",10k-15k,"上升空间大,做事靠谱,福利好"
Python,3-5年,大专,成都,2018-08-30 10:09:45,北京通力互联技术服务有限公司,[],9k-18k,"五险一金,项目奖金,妹子多,带薪年假"
python高级后端工程师,5-10年,本科,北京,2018-08-29 14:57:40,北京旷视科技有限公司,[],25k-50k,核心团队
Python高级开发工程师,3-5年,本科,杭州,2018-08-29 10:17:37,杭州沃趣科技股份有限公司,"['服务器端', '平台']",16k-20k,"技术大牛,五险一金,晋升机制,福利多样"
高级Python开发工程师,3-5年,本科,深圳,2018-08-28 09:57:18,深圳开黑科技有限公司,"['信息安全', '服务器端', 'PHP']",16k-30k,"技术大牛多,福利待遇好,电竞风口,团队稳定"
python 工程师,1-3年,本科,厦门,2018-08-27 16:13:39,厦门今立方科技有限公司,"['NLP', '算法', '数据挖掘']",8k-16k,"新科技,成长型,五险一金,节假日福利"
python 工程师,3-5年,本科,深圳,2018-08-30 08:57:56,上海海万信息科技股份有限公司,['Java'],10k-20k,"年终奖,带薪年假,周末双休,五险一金"
高级python工程师,3-5年,本科,北京,2018-08-28 10:11:35,北京字节跳动科技有限公司,[],40k-60k,六险一金，高薪期权，弹性工作，免费三餐，租房补贴，休闲下午茶，扁平管理，团队氛围好，优厚薪资
Python技术经理,3-5年,不限,上海,2018-08-30 11:36:40,南昌力武田电子商务有限公司,['技术管理'],20k-30k,"薪资待遇好,项目稳定,回报优良"
Python工程师实习生,不限,本科,深圳,2018-08-30 09:26:30,深圳市华宇讯科技有限公司,"['PHP', '数据挖掘', '爬虫']",2k-4k,行业大牛、项目机会
python,不限,不限,常州,2018-08-22 11:03:53,常州宇新信息科技有限公司,[],10k-15k,你带上技能，我带上钱，我们一起去实现理想
Python开发工程师,不限,大专,广州,2018-08-22 09:47:48,北京云房数据技术有限责任公司广州分公司,"['Java', '爬虫']",15k-22k,十三薪、品牌分奖励金
高级Python开发工程师,3-5年,本科,北京,2018-08-14 12:00:57,奇虎360科技有限公司,"['云计算', '云计算']",20k-40k,"后端开发,大数据,工程"
高级Python开发工程师,3-5年,本科,北京,2018-08-13 11:43:02,北京快松果科技有限公司,"['Java', '算法']",30k-45k,"大牛多,快速发展期,业务好,17薪"
高级软件工程师/python开发工程师,1-3年,本科,上海,2018-08-30 11:04:21,上海速石信息科技有限公司,"['云计算', '企业服务', 'Linux/Unix']",15k-25k,"薪资高,大牛多,前景好,氛围好"
Python开发工程师,1-3年,本科,北京,2018-08-30 10:26:33,北京国双科技有限公司,['大数据'],13k-18k,"大数据企业,带薪年假,年终奖金,六险一金"
Python开发工程师,3-5年,本科,上海,2018-08-30 09:49:34,携程计算机技术（上海）有限公司,"['云计算', '软件开发']",15k-25k,跟优秀的团队一起工作
Python/R程序开发,1-3年,本科,上海,2018-08-30 09:03:22,上海海万信息科技股份有限公司,"['云计算', '云计算']",10k-15k,"年底双薪,节日礼金,体检旅游,五险一金"
Python技术主管,3-5年,本科,北京,2018-08-24 11:12:08,北京汇行科技有限公司,"['信息安全', 'Java']",15k-30k,"包三餐,氛围好,大牛带队"
高级Python开发工程师,3-5年,大专,上海,2018-08-22 15:36:57,上海齐家网信息科技股份有限公司,['电商'],15k-30k,行业发展前景好 公司行业领先 晋升机会多
高级Python开发工程师,3-5年,本科,上海,2018-08-30 11:01:51,武汉格联建筑装饰工程有限公司,"['Phalcon', '分布式', 'Golang']",25k-50k,"发展空间大,即将上市"
高级python研发工程师,1-3年,本科,北京,2018-08-28 14:21:27,北京字节跳动科技有限公司,['后端'],20k-40k,六险一金，高薪期权，弹性工作，租房补贴
Python开发工程师,不限,本科,厦门,2018-08-23 14:21:10,网宿科技股份有限公司北京分公司,['后端'],8k-16k,"上市公司,行业第一,氛围好,大牛带"
高级Python开发工程师,1-3年,本科,北京,2018-08-27 16:28:48,北京国双科技有限公司,[],12k-24k,上市公司 大数据 技术氛围浓厚
Python开发工程师,1-3年,本科,深圳,2018-08-20 10:23:26,上海炽聚网络科技有限公司,"['软件开发', 'Linux']",12k-20k,"热点行业，五险一金，待遇从优,BAT工作机会"
Python工程师,3-5年,本科,北京,2018-08-30 09:38:27,北京慕华信息科技有限公司,['教育'],15k-25k,来吧，与技术大牛过招吧！
Python主管,5-10年,本科,北京,2018-08-29 10:59:16,仁科互动（北京）信息科技有限公司,"['信息安全', '云计算', '云计算']",20k-35k,"不打卡,五险一金,丰厚年终奖,鲜有加班"
Python工程师,1-3年,本科,北京,2018-08-17 13:37:57,企鹅创新（北京）科技有限公司,"['Java', 'Node.js']",25k-35k,"Djang,主流Web,数据库"
python开发,1-3年,本科,广州,2018-08-30 09:52:38,广州机智云物联网科技有限公司,"['云计算', '云计算']",10k-18k,"五险一金,绩效奖金,交通补贴,弹性工作制"
资深Python开发工程师,3-5年,本科,上海,2018-08-30 09:03:59,上海骞云信息科技有限公司,"['云计算', 'Golang', 'Shell', '云计算']",18k-36k,"大牛如云,云服务,病假年假,团建旅游"
Python工程师,3-5年,大专,北京,2018-08-29 13:04:43,北京乐自天成文化发展有限公司,"['电商', 'Java', 'PHP']",20k-30k,"工作环境好,创业A轮"
智能监控开发工程师 Java/C++/Python,3-5年,本科,上海,2018-08-23 10:47:34,北京三快在线科技有限公司,[],28k-48k,"团队发展快,晋升机会多"
Python开发工程师-小米电视,3-5年,本科,北京,2018-08-16 16:38:39,北京小米科技有限责任公司,"['Java', 'PHP']",15k-25k,"带薪年假,补充医疗"
python开发工程师,1-3年,本科,上海,2018-08-28 14:22:58,上海魔芋网络科技有限公司,"['服务器端', 'Golang', 'PHP']",15k-25k,"牛人多,技术驱动,发展前景好"
高级Python后端工程师,3-5年,本科,北京,2018-08-23 11:18:36,北京旷视科技有限公司,"['Java', 'PHP']",25k-50k,大牛多
高级python开发工程师,3-5年,本科,上海,2018-08-30 09:40:41,上海合合信息科技发展有限公司,"['后端', 'C++']",15k-25k,"技术牛人多,工作氛围好,弹性工作,领导好"
"Python, nodejs，golang工程师",3-5年,本科,北京,2018-08-29 18:45:59,上海福萝电子科技有限公司,"['Node.js', 'Ruby']",30k-60k,"股权激励,成长空间,大牛团队,良好环境"
python高级工程师-北京,5-10年,大专,北京,2018-08-21 09:24:17,北京云族佳科技有限公司,"['地图', '后端', 'Java']",25k-40k,"绩效奖金,餐饮补贴,五险一金"
Python实习工程师,不限,本科,深圳,2018-08-30 09:58:35,北京国双科技有限公司,"['C++', 'Java']",2k-4k,"发展空间大,牛人多,弹性工作制,福利好"
Python开发实习生,应届毕业生,本科,上海,2018-08-30 09:40:40,上海合合信息科技发展有限公司,"['大数据', '后端']",4k-6k,"大数据,人工智能,转正机会"
python开发工程师,不限,本科,北京,2018-08-30 10:43:58,北京一人一亩田网络科技有限公司,"['大数据', 'Java', 'Hadoop', '数据挖掘']",20k-30k,"临近地铁,大牛团队,六险一金,年终奖"
Python开发工程师,3-5年,本科,深圳,2018-08-30 10:05:32,深圳回收宝科技有限公司,"['后端', 'MySQL']",15k-22k,"腾讯系团队,大牛导师多,发展前景广,薪资待遇好"
算法开发工程师（Python）,1-3年,本科,北京,2018-08-29 20:01:44,北京市商汤科技开发有限公司,"['视频', '机器学习']",20k-40k,"AI独角兽,公司前景好"
Python工程师,5-10年,本科,北京,2018-08-27 16:01:22,北京梦珊瑚信息科技有限公司,"['云计算', '金融', '云计算']",25k-40k,"五险一金,交通补助,活动经费,加班费"
python,3-5年,本科,北京,2018-08-27 10:23:23,小叶子（北京）科技有限公司,"['后端', 'PHP']",20k-30k,"免费午晚餐,五险一金,交补,年终奖"
Python开发工程师,3-5年,大专,上海,2018-08-30 07:56:20,上海锐赢信息技术有限公司,[],9k-18k,"地铁口,互联网,五险一金"
Python开发工程师,3-5年,本科,深圳,2018-08-29 16:45:21,深圳英菲创新智能科技有限公司,"['移动互联网', '服务器端']",12k-24k,"金融科技,人工智能"
Python 中级工程师,3-5年,本科,武汉,2018-08-29 15:51:27,智线云科技（北京）有限公司,[],10k-15k,带薪年假+福利多+办公环境好+氛围自由开放
高级Python工程师,3-5年,本科,北京,2018-08-29 10:55:12,北京朗势科技有限公司,['MySQL'],25k-35k,"8天年假,五险一金,扁平化管理,年终奖"
Python工程师,3-5年,本科,上海,2018-08-28 22:45:19,众安在线财产保险股份有限公司,[],15k-25k,"福利多,氛围好"
Python工程师,3-5年,本科,北京,2018-08-24 12:07:42,北京优护创智健康科技有限责任公司,['Java'],20k-30k,"带薪年假,不定期团建,大咖云集,扁平管理"
Python开发技术经理,3-5年,本科,北京,2018-08-24 11:12:08,北京汇行科技有限公司,"['分布式', 'Java']",15k-30k,"包三餐,大牛带队,氛围好"
Python工程师-机器学习方向,1-3年,本科,北京,2018-08-21 14:08:57,北京曜辉信息科技有限公司,['软件开发'],20K-35K,高成长
python开发实习生,应届毕业生,本科,上海,2018-08-30 09:40:40,上海合合信息科技发展有限公司,"['服务器端', '后端']",4k-6k,"技术牛人多,工作氛围好,工作环境佳,领导好"
【资深Python开发工程师】,3-5年,本科,北京,2018-08-30 09:13:29,北京微光果壳科技有限公司,[],15k-30k,"Geek,16薪,六险一金,海外旅游"
Python,1-3年,本科,成都,2018-08-29 12:05:18,成都捷云智慧科技有限公司,[],8k-10k,节日、生日福利、五险，绩效奖金、交通餐补
PYTHON技术开发工程师,1-3年,本科,济南,2018-08-27 11:15:29,山东广电信通网络运营有限公司,"['视频', '直播']",6k-9k,"五险一金,年度体检,带薪年假,学习晋升"
系统开发工程师（Python）,3-5年,本科,北京,2018-08-28 11:03:28,北京慕华信息科技有限公司,[],20k-35k,"五险一金,餐补,生日会,优秀团队"
python开发工程师,3-5年,大专,上海,2018-08-27 17:17:40,上海海万信息科技股份有限公司,[],12k-15k,大平台
python开发工程师,1-3年,大专,深圳,2018-08-27 14:30:23,深圳库尚信息技术有限公司,"['电商', 'Java', 'PHP']",12k-24k,"发展前景,环境好,双休,氛围好"
python开发工程师,3-5年,大专,厦门,2018-08-24 10:44:49,厦门声连网信息科技有限公司,['系统架构'],12k-24k,技术管理
Python高级开发工程师,3-5年,本科,上海,2018-08-16 15:04:50,上海易路软件有限公司,[],15k-20k,弹性工作，带薪年假，股权激励机会。
Python开发,1年以下,本科,上海,2018-08-30 09:17:02,上海彩亿信息技术有限公司,"['Java', 'Ruby']",14k-25k,"亿级用户,互联网金融,薪资福利好,晋升空间大"
python,1-3年,本科,东莞,2018-08-20 15:07:33,郑州可瑞为信息技术有限公司,"['移动互联网', '通信/网络设备', 'Linux/Unix', '后端']",20k-40k,"五险一金,带薪假,上市企业,高薪"
高级Python开发工程师,3-5年,本科,北京,2018-08-30 08:56:22,北京云动数字媒体技术有限公司,"['Java', 'PHP']",20k-40k,"行业领先,知名VC,精英团队,期权奖励"
Python工程师,不限,本科,北京,2018-08-28 21:04:12,零氪信息技术（北京）有限公司,"['医疗健康', '大数据', '平台', 'Hadoop', '数据库']",18k-36k,"15薪,六险一金,午晚餐补助,弹性不打卡"
高级python软件工程师，Cryptocurre,5-10年,本科,成都,2018-08-28 19:07:10,网信集团有限公司,['C++'],15k-30k,"六险一金,弹性工作制,股票期权,饭补"
Python开发工程师,3-5年,本科,北京,2018-08-27 21:49:57,北京小度互娱科技有限公司,"['后端', '爬虫', '抓取', '数据库']",15k-25k,"团队优秀,福利优厚"
python,1年以下,大专,徐州,2018-08-27 10:42:31,徐州文旭信息技术有限公司,[],3K-6K,法定放假+节日福利+日常水果零食
Python开发工程师,3-5年,本科,北京,2018-08-30 11:11:45,北京磁力信科技有限公司,"['GO', 'Ruby']",12k-24k,"五险一金,住房补贴,带薪休假,周末双休"
Python开发工程师,3-5年,本科,北京,2018-08-30 09:43:45,茂逊科技有限公司,"['后端', 'Golang', 'GO']",25k-35k,"扁平管理,13薪,不打卡,免费餐饮"
python开发实习生,1年以下,本科,北京,2018-08-30 09:22:09,北京天润融通科技有限公司,"['Java', 'PHP']",4k-8k,"可转正,定期培训,工作餐,三板上市"
高级Python工程师,5-10年,本科,北京,2018-08-29 12:16:01,北京百乘传媒技术有限公司,['后端'],18k-30k,工程师
资深Python研发工程师-产品变现,3-5年,本科,上海,2018-08-28 14:21:24,北京字节跳动科技有限公司,[],25k-40k,高薪期权，弹性工作，免费三餐，租房补贴，带薪休假，休闲下午茶，扁平管理，健身瑜伽，过亿用户，晋升空间，团队氛围好，五险一金
python开发工程师,1-3年,本科,北京,2018-08-02 19:49:06,北京阿博茨科技有限公司,"['大数据', '金融', 'Java']",15k-30k,"技术大牛多,技术氛围好"
Python后台开发工程师,3-5年,本科,深圳,2018-08-30 09:52:49,深圳市立新出行信息技术有限公司,[],25k-35k,"周末双休,五险一金,自助零食,领导好"
Python高级开发工程师&nbsp,3-5年,本科,北京,2018-08-29 09:10:41,北京格灵深瞳信息技术有限公司,"['后端', 'Linux/Unix', 'docker']",15k-30k,"扁平化管理,不定期团建"
Python工程师,3-5年,本科,上海,2018-08-21 13:42:13,上海翼依信息技术有限公司,"['医疗健康', '大数据', '网络爬虫', '算法']",10k-20k,"医疗AI,市场广阔,团队成长,领导nic"
Python 服务端研发工程师,1-3年,本科,上海,2018-08-29 09:19:46,上海晨芽教育科技有限公司,"['服务器端', 'Ruby']",12k-24k,"扁平管理,分享精神,技术氛围,结果导向"
python开发工程师,1-3年,本科,深圳,2018-08-28 17:09:11,深圳库尚信息技术有限公司,"['后端', 'Linux/Unix']",12k-24k,"发展前景好,公司环境佳,企业文化棒"
python运维开发工程师,3-5年,本科,南京,2018-08-28 10:53:49,孩子王儿童用品股份有限公司,"['云计算', '数据库', 'Linux/Unix']",10k-20k,"互联网氛围,母婴行业,独角兽企业"
高级Python开发工程师,5-10年,本科,北京,2018-08-28 09:01:38,北京弥财投资咨询有限公司,['支付'],20k-40k,"金融科技,行业先驱,技术大牛,优秀同事"
高级Python开发工程师,1-3年,本科,北京,2018-08-21 10:59:21,北京创业光荣信息科技有限责任公司,['C++'],15k-30k,"年底双薪,六险一金,定期体检"
python开发实习生（西安）,不限,本科,西安,2018-08-30 09:13:42,北京神州绿盟信息安全科技股份有限公司,[],2k-3k,餐饮补贴 专业培训 弹性工作
资深python研发工程师,5-10年,本科,北京,2018-08-29 15:49:33,中云网安科技（北京）有限公司,[],20k-35k,"技术前沿,人工智能"
Python 后端开发工程师,不限,本科,北京,2018-08-29 14:52:56,北京心跳时空科技有限公司,"['移动互联网', '数据库', '系统架构', '全栈']",25k-35k,"公司有橘猫,产研是核心,团队正面刚,不甩锅"
高级Python开发工程师,3-5年,本科,北京,2018-08-29 10:55:48,北京智融时代信息技术有限公司,"['服务器端', 'Java']",25k-40k,"优秀团队,工场项目,六险一金,金融科技"
Python开发工程师,3-5年,本科,北京,2018-08-27 10:34:37,北京众安天下科技有限公司,['后端'],20k-30k,"五险一金,带薪年假,免费体检,零食管饱"
Python开发,1-3年,本科,南京,2018-08-21 13:42:13,南京小易信息科技有限公司,['后端'],8k-12k,个人成长快
Django,3-5年,本科,深圳,2018-08-30 10:57:22,上海海万信息科技股份有限公司,"['金融', 'Python']",10k-20k,"大平台,环境好,交通便利"
python 开发工程师,1-3年,本科,上海,2018-08-30 09:18:15,上海坤亿信息技术有限公司,"['软件开发', 'C++']",7k-10k,"弹性工作,办公环境好,福利好,500强"
python后台开发工程师,3-5年,本科,北京,2018-08-29 18:24:48,普信恒业科技发展（北京）有限公司,"['MySQL', 'PHP']",15k-25k,"地铁周边,弹性工作,有餐补,平台大"
Python 中级工程师,1-3年,本科,廊坊,2018-08-29 15:51:23,智线云科技（北京）有限公司,[],8k-15k,带薪年假+福利多+办公环境好+氛围自由开放
Python开发工程师,1-3年,本科,上海,2018-08-29 09:34:08,上海晓途网络科技有限公司,['金融'],15k-25k,"年轻团队,扁平管理,弹性工作,简单透明"
python开发工程师,3-5年,本科,北京,2018-08-27 09:39:33,北京车势科技有限公司,"['云计算', '云计算']",15k-25k,办理工作居住证、待遇好、环境好、国际化
图像识别/python工程师,不限,大专,中山,2018-08-24 14:44:10,中山市艾里斯智能传媒有限公司,"['图像处理', '人工智能']",12k-20k,"双休,五险一金,互联网环境"
Python开发技术主管,3-5年,本科,北京,2018-08-24 11:12:09,北京汇行科技有限公司,"['信息安全', 'Java']",15k-30k,"包三餐,技术氛围好,大牛带队"
Python开发工程师,3-5年,本科,北京,2018-08-29 22:22:32,北京来也网络科技有限公司,['服务器端'],20k-40k,"人工智能,弹性工作,扁平管理,技术牛人"
高级python工程师,3-5年,本科,北京,2018-08-28 10:11:38,北京字节跳动科技有限公司,['后端'],30k-60k,六险一金，高薪期权，弹性工作，免费三餐，租房补贴，休闲下午茶，扁平管理，团队氛围好，优厚薪资
中高级Python开发,3-5年,本科,北京,2018-08-27 10:25:47,北京闪银奇异科技有限公司,"['大数据', '数据挖掘']",18k-36k,"团队牛人多,年终奖丰厚,晋升调薪,全五险一金"
Python中级开发工程师,1-3年,本科,上海,2018-08-16 15:04:49,上海易路软件有限公司,[],10k-18k,高薪福利，弹性工作，五险一金
python开发工程师,不限,大专,南阳,2018-08-02 16:02:16,南阳市奇观信息技术有限责任公司,['后端'],3k-6k,"交通补助,通讯住房补,节假日放假,晋升快"
Python后台开发,3-5年,本科,深圳,2018-08-30 10:57:22,上海海万信息科技股份有限公司,['金融'],10k-20k,"交通便利,大平台"
python开发,5-10年,本科,广州,2018-08-30 10:11:22,广州影子控股股份有限公司,"['移动互联网', '大数据', 'docker']",20k-40k,"双休,五险一金,年终奖,发展空间大"
python开发工程师,1-3年,大专,广州,2018-08-30 09:29:40,广东分子资产管理股份有限公司,"['信息安全', '金融', 'C++']",10k-20k,"调薪,晋升,奖金,14薪"
python开发工程师,3-5年,本科,深圳,2018-08-29 19:13:08,深圳松茂科技有限公司,"['Java', 'PHP']",15k-20k,"下午茶零食,团建旅游,十点上班,周末双休"
python开发工程师,1-3年,本科,北京,2018-08-29 17:49:51,北京源石智影科技有限公司,[],15k-20k,"朝阳行业,平台广阔,技术大牛,福利丰厚"
高级Python开发工程师,1-3年,本科,上海,2018-08-28 15:46:12,上海寻梦信息技术有限公司,[],20k-40k,"福利好,大牛多,成长快"
Python开发工程师,应届毕业生,本科,杭州,2018-08-28 15:27:05,杭州艾耕科技有限公司,"['云计算', '云计算']",10k-20k,"AI,技术大牛,美女如云,领导nic"
高级Python,3-5年,本科,北京,2018-08-28 10:10:21,小叶子（北京）科技有限公司,['后端'],20k-30k,"五险一金,交通补助,午晚餐"
python高级工程师,1-3年,本科,上海,2018-08-24 04:01:46,上海守易信息科技有限公司,"['大数据', '区块链', '全栈']",15k-25k,"期权奖励,五险一金,发展空间大,前沿技术"
Python研发工程师,3-5年,本科,北京,2018-08-23 21:16:41,北京小叶科技有限公司,['服务器端'],20K-30K,五险一金，扁平管理
python工程师,1-3年,大专,太原,2018-08-07 10:57:35,山西万物有声文化传媒有限公司,"['后端', 'Java', '爬虫工程师']",4k-8k,高薪
